Column1,City,Total population,Under 5 years,5 to 9 years,10 to 14 years,15 to 19 years,20 to 24 years,25 to 29 years,30 to 34 years,35 to 39 years,40 to 44 years,45 to 49 years,50 to 54 years,55 to 59 years,60 to 64 years,65 to 69 years,70 to 74 years,75 to 79 years,80 to 84 years,85 years and over,16 years and over,18 years and over,21 years and over,62 years and over,65 years and over,    Male population,Male - Under 5 years,Male - 5 to 9 years,Male - 10 to 14 years,Male - 15 to 19 years,Male - 20 to 24 years,Male - 25 to 29 years,Male - 30 to 34 years,Male - 35 to 39 years,Male - 40 to 44 years,Male - 45 to 49 years,Male - 50 to 54 years,Male - 55 to 59 years,Male - 60 to 64 years,Male - 65 to 69 years,Male - 70 to 74 years,Male - 75 to 79 years,Male - 80 to 84 years,Male - 85 years and over,Female population,Female - Under 5 years,Female - 5 to 9 years,Female - 10 to 14 years,Female - 15 to 19 years,Female - 20 to 24 years,Female - 25 to 29 years,Female - 30 to 34 years,Female - 35 to 39 years,Female - 40 to 44 years,Female - 45 to 49 years,Female - 50 to 54 years,Female - 55 to 59 years,Female - 60 to 64 years,Female - 65 to 69 years,Female - 70 to 74 years,Female - 75 to 79 years,Female - 80 to 84 years,Female - 85 years and over,Median Age_Both sexes,Median Age_Male,Median Age_Female,White,Black or African American,American Indian and Alaska Native,Asian,Native Hawaiian and Other Pacific Islander,Some Other Race,Two or More Races,County
0,Alameda,78280,4118,4493,4449,4047,3773,4641,5629,6197,5748,5911,5527,5124,4912,4507,3649,2308,1472,1775,64341,62671,60466,16563,13711,37328,2104,2275,2290,2107,1916,2304,2742,2926,2715,2699,2622,2389,2265,2111,1657,991,590,625,40952,2014,2218,2159,1940,1857,2337,2887,3271,3033,3212,2905,2735,2647,2396,1992,1317,882,1150,41.4,40,42.9,34102,4608,441,25412,399,3244,10074,Alameda County
1,Albany,20271,1057,1217,1317,1989,1181,1436,1555,1416,1398,1424,1235,1054,956,961,914,507,278,376,16400,15889,14403,3618,3036,9657,540,626,683,982,590,700,758,673,649,661,576,494,418,416,414,203,124,150,10614,517,591,634,1007,591,736,797,743,749,763,659,560,538,545,500,304,154,226,36.3,34.6,37.8,9446,716,90,6184,17,1131,2687,Alameda County
2,Berkeley,124321,4097,4082,4352,12921,21960,11848,9351,7271,6252,6085,5790,5827,5559,5539,5612,3780,2088,1907,110797,108927,92716,22174,18926,60913,2093,2048,2272,5994,10919,5984,4847,3645,3032,3097,2903,2866,2677,2628,2567,1690,937,714,63408,2004,2034,2080,6927,11041,5864,4504,3626,3220,2988,2887,2961,2882,2911,3045,2090,1151,1193,31.3,30.9,31.7,66267,9812,653,24896,265,7848,14580,Alameda County
3,Dublin,72589,4900,5965,5472,4127,3143,4321,6153,7955,7441,6057,4475,3712,2896,2038,1667,1111,668,488,55314,53504,51517,7707,5972,34737,2453,2992,2806,2112,1523,2087,2716,3556,3619,3091,2116,1715,1342,920,722,471,308,188,37852,2447,2973,2666,2015,1620,2234,3437,4399,3822,2966,2359,1997,1554,1118,945,640,360,300,36.4,36,36.8,21105,2876,517,39077,221,2642,6151,Alameda County
4,Emeryville,12905,578,343,321,266,924,1876,2146,1475,944,753,627,585,559,464,393,309,175,167,11612,11510,11292,1831,1508,6278,286,165,182,138,409,911,1110,761,491,370,314,283,244,190,173,124,71,56,6627,292,178,139,128,515,965,1036,714,453,383,313,302,315,274,220,185,104,111,35,34.7,35.4,4796,2015,76,3965,54,617,1382,Alameda County
5,Fremont,230504,13494,16059,15691,13444,11419,14487,18337,20383,18519,16675,14586,14620,12724,10030,7645,5011,3626,3754,182241,176491,169599,37369,30066,115285,7009,8359,8054,6919,6010,7487,8898,10075,9285,8642,7363,7312,6298,4824,3588,2235,1497,1430,115219,6485,7700,7637,6525,5409,7000,9439,10308,9234,8033,7223,7308,6426,5206,4057,2776,2129,2324,38,37.4,38.5,42480,5362,1353,147465,1045,15230,17569,Alameda County
6,Hayward,162954,9387,9439,9986,10310,11711,13299,14123,12822,10877,9973,9995,10388,9404,7546,5413,3487,2279,2515,132243,128390,121480,26643,21240,80326,4771,4718,5087,5117,5850,6753,7184,6512,5520,5018,4951,4971,4482,3609,2476,1544,916,847,82628,4616,4721,4899,5193,5861,6546,6939,6310,5357,4955,5044,5417,4922,3937,2937,1943,1363,1668,36.2,35.5,36.9,27955,14693,2562,48315,5104,43338,20987,Alameda County
7,Livermore,87955,5000,5496,5623,5456,4583,5007,6207,6674,5935,5880,6556,6891,5850,4108,3279,2381,1446,1583,70723,68417,65439,16064,12797,43572,2602,2804,2872,2809,2450,2576,3082,3283,2950,2903,3217,3377,2931,1931,1525,1039,634,587,44383,2398,2692,2751,2647,2133,2431,3125,3391,2985,2977,3339,3514,2919,2177,1754,1342,812,996,39.9,38.9,40.9,52469,1739,731,12819,242,7563,12392,Alameda County
8,Newark,47529,3179,2597,2490,2582,2668,3701,4843,4198,3059,2994,2947,3172,2771,2068,1578,1118,839,725,38761,37743,36166,7891,6328,23924,1637,1315,1305,1362,1370,1921,2478,2185,1584,1485,1444,1592,1366,972,754,477,379,298,23605,1542,1282,1185,1220,1298,1780,2365,2013,1475,1509,1503,1580,1405,1096,824,641,460,427,36.8,36,37.7,10762,1584,560,19801,693,8317,5812,Alameda County
9,Oakland,440646,23210,23364,23880,22552,24267,38443,45860,40381,32865,29631,27044,24823,22792,20645,16819,10480,6293,7297,365590,356394,343201,74976,61534,214508,11657,12032,12199,11639,11859,18330,22316,19730,16132,14872,13770,12054,10939,9536,7606,4602,2700,2535,226138,11553,11332,11681,10913,12408,20113,23544,20651,16733,14759,13274,12769,11853,11109,9213,5878,3593,4762,37.2,36.6,37.7,132297,93820,8530,70806,2884,80504,51805,Alameda County
10,Piedmont,11270,487,815,1045,930,474,298,285,483,694,904,957,791,725,785,700,409,242,246,8727,8284,7886,2826,2382,5531,246,433,554,496,239,141,146,209,312,417,475,378,341,385,358,202,104,95,5739,241,382,491,434,235,157,139,274,382,487,482,413,384,400,342,207,138,151,45.7,44.8,46.5,7218,126,10,2267,13,177,1459,Alameda County
11,Pleasanton,79871,3543,5146,6452,6014,3847,3722,4178,5384,6013,6347,6002,6026,4789,3539,3020,2373,1773,1703,63357,60720,57861,15129,12408,39043,1754,2641,3370,3082,1996,1850,1996,2572,2808,3143,2981,2988,2432,1696,1329,966,771,668,40828,1789,2505,3082,2932,1851,1872,2182,2812,3205,3204,3021,3038,2357,1843,1691,1407,1002,1035,41.4,40.5,42.2,36046,1396,300,31636,120,2828,7545,Alameda County
12,San Leandro,91008,4562,4592,5076,5162,5397,6569,7011,6272,5774,6082,6082,6668,6415,5164,4044,2474,1620,2044,75754,73674,70566,19146,15346,43854,2355,2316,2576,2590,2762,3246,3460,3090,2812,2922,2923,3101,3030,2320,1851,1149,653,698,47154,2207,2276,2500,2572,2635,3323,3551,3182,2962,3160,3159,3567,3385,2844,2193,1325,967,1346,40.7,39.1,42.3,21047,10098,1132,32708,776,14820,10427,Alameda County
0,Antioch,115291,6745,7707,8517,8429,8139,7942,8125,7583,7147,7105,7672,8057,7125,5448,4019,2410,1544,1577,90658,87232,82254,19139,14998,56110,3362,3929,4361,4321,4172,3973,3915,3664,3407,3370,3653,3887,3422,2636,1796,1057,630,555,59181,3383,3778,4156,4108,3967,3969,4210,3919,3740,3735,4019,4170,3703,2812,2223,1353,914,1022,36.2,35,37.5,32703,24057,1696,15015,1543,24028,16249,Contra Costa County
1,Brentwood,64292,3539,4579,5365,5240,3685,2802,3234,4288,4536,4547,4545,4024,3482,2959,2835,2159,1332,1141,49687,47470,44650,12428,10426,31064,1823,2321,2695,2679,1884,1417,1476,1991,2135,2183,2274,1954,1713,1293,1250,939,574,463,33228,1716,2258,2670,2561,1801,1385,1758,2297,2401,2364,2271,2070,1769,1666,1585,1220,758,678,39.3,38.2,40.3,33061,4465,629,8642,314,6952,10229,Contra Costa County
2,Clayton,11070,481,581,715,789,547,332,382,594,620,731,898,992,952,731,684,455,288,298,9115,8793,8369,3002,2456,5284,247,303,345,389,288,188,176,264,300,360,420,487,432,348,310,198,114,115,5786,234,278,370,400,259,144,206,330,320,371,478,505,520,383,374,257,174,183,48.6,47.3,49.7,8150,173,22,1036,18,287,1384,Contra Costa County
3,Concord,125410,7153,7165,7259,7079,6911,8337,9713,9961,8694,7773,8064,8756,8143,6632,5341,3556,2275,2598,102369,99511,95356,25090,20402,61945,3649,3613,3712,3745,3603,4229,4936,5134,4460,3859,3964,4297,3813,3128,2402,1582,927,892,63465,3504,3552,3547,3334,3308,4108,4777,4827,4234,3914,4100,4459,4330,3504,2939,1974,1348,1706,39.5,38.3,40.8,59800,4789,1425,18802,693,21268,18633,Contra Costa County
4,Danville,43582,1793,2914,3543,3505,1988,1163,1366,2110,2766,3305,3559,3804,3202,2619,2377,1664,971,933,34585,33008,31342,10352,8564,21060,911,1499,1813,1808,1008,607,654,967,1283,1538,1666,1839,1542,1247,1105,768,433,372,22522,882,1415,1730,1697,980,556,712,1143,1483,1767,1893,1965,1660,1372,1272,896,538,561,46,44.9,46.9,30864,401,104,6615,49,761,4788,Contra Costa County
5,El Cerrito,25962,1327,1323,1246,1132,1117,1682,2040,2068,1908,1817,1705,1652,1652,1513,1488,836,631,825,21798,21323,20774,6311,5293,12612,695,691,675,581,534,818,1080,1014,934,874,869,751,803,697,648,368,287,293,13350,632,632,571,551,583,864,960,1054,974,943,836,901,849,816,840,468,344,532,42.6,41,44.1,11982,1426,118,7738,56,1416,3226,Contra Costa County
6,Hercules,26016,1263,1362,1441,1426,1403,1589,1795,1837,1791,1675,1716,1962,1984,1780,1391,783,456,362,21667,21055,20247,5967,4772,12493,686,687,711,753,714,808,870,906,847,781,809,911,876,829,629,351,189,136,13523,577,675,730,673,689,781,925,931,944,894,907,1051,1108,951,762,432,267,226,42.4,40.7,44.2,4221,4181,155,12191,142,2239,2887,Contra Costa County
7,Lafayette,25391,1176,1708,2010,1799,1003,863,1006,1442,1600,1893,1912,1827,1758,1584,1428,1021,652,709,20067,19223,18478,6452,5394,12423,606,869,1006,927,487,425,462,718,732,925,951,888,867,762,701,492,298,307,12968,570,839,1004,872,516,438,544,724,868,968,961,939,891,822,727,529,354,402,45.2,44.9,45.6,18489,180,58,3201,28,462,2973,Contra Costa County
8,Martinez,37287,1924,2026,1996,1972,1808,2138,2545,2763,2504,2272,2596,3005,2911,2448,1897,1195,698,589,30933,30107,28989,8569,6827,18174,995,992,1047,1036,954,1114,1260,1368,1256,1099,1251,1379,1329,1131,876,547,306,234,19113,929,1034,949,936,854,1024,1285,1395,1248,1173,1345,1626,1582,1317,1021,648,392,355,42.9,41.2,44.6,24191,1390,264,3828,117,2050,5447,Contra Costa County
9,Moraga,16870,667,943,1206,1919,1614,407,453,704,927,1156,1295,1121,1075,942,834,657,462,488,13766,13182,11590,4009,3383,8108,340,462,639,890,770,209,225,330,422,555,596,546,511,471,397,319,206,220,8762,327,481,567,1029,844,198,228,374,505,601,699,575,564,471,437,338,256,268,42.9,42.1,43.5,10877,211,42,3182,42,427,2089,Contra Costa County
10,Oakley,43357,2782,3274,3489,3279,2660,2619,3146,3355,3027,2857,2775,2848,2468,1824,1331,779,480,364,33151,31769,29944,6217,4778,21251,1376,1660,1779,1660,1371,1315,1547,1637,1484,1397,1351,1400,1170,825,613,333,202,131,22106,1406,1614,1710,1619,1289,1304,1599,1718,1543,1460,1424,1448,1298,999,718,446,278,233,35.6,34.7,36.6,19917,3627,448,4107,303,7320,7635,Contra Costa County
11,Orinda,19514,1003,1399,1551,1328,703,453,537,1036,1275,1447,1452,1455,1318,1281,1219,917,547,593,15253,14655,14079,5354,4557,9586,498,744,776,685,347,240,259,475,596,724,726,721,619,625,587,452,268,244,9928,505,655,775,643,356,213,278,561,679,723,726,734,699,656,632,465,279,349,46.6,46,47.3,13423,196,31,3401,20,282,2161,Contra Costa County
12,Pinole,19022,847,966,973,988,1052,1148,1279,1335,1181,1096,1211,1461,1417,1298,1084,725,472,489,16042,15626,15064,4864,4068,9061,416,502,505,493,554,593,628,641,563,503,559,655,674,606,483,300,204,182,9961,431,464,468,495,498,555,651,694,618,593,652,806,743,692,601,425,268,307,43.8,41.9,46.2,6267,2099,216,4887,83,2857,2613,Contra Costa County
13,Pittsburg,76416,4734,4999,5424,5454,5272,5637,5727,5587,5175,4768,4685,4777,4591,3556,2650,1538,973,869,60171,57901,54728,12245,9586,37209,2408,2571,2732,2786,2707,2798,2843,2722,2475,2359,2269,2205,2163,1676,1146,669,369,311,39207,2326,2428,2692,2668,2565,2839,2884,2865,2700,2409,2416,2572,2428,1880,1504,869,604,558,35.7,34.6,37,15893,12865,1098,15069,880,19654,10957,Contra Costa County
14,Pleasant Hill,34613,1978,1802,1835,1869,1776,2008,2465,2673,2304,2181,2304,2446,2350,2209,1744,1053,688,928,28619,27878,26733,7971,6622,16693,1000,938,945,969,948,1036,1220,1292,1108,1059,1125,1154,1063,996,800,474,278,288,17920,978,864,890,900,828,972,1245,1381,1196,1122,1179,1292,1287,1213,944,579,410,640,41.7,40,43.6,21825,921,201,5329,110,1584,4643,Contra Costa County
15,Richmond,116448,6643,7077,7642,7401,7396,8727,9526,9326,8301,7595,7165,7166,6624,5683,4525,2638,1551,1462,93601,90632,86206,19748,15859,57132,3370,3655,3848,3840,3905,4314,4818,4624,4114,3779,3465,3468,3026,2594,2043,1109,659,501,59316,3273,3422,3794,3561,3491,4413,4708,4702,4187,3816,3700,3698,3598,3089,2482,1529,892,961,36.9,35.7,38.2,23452,22254,2395,16740,652,35720,15235,Contra Costa County
16,San Pablo,32127,1917,2137,2440,2455,2334,2391,2519,2480,2287,2061,1982,1860,1575,1268,1055,571,384,411,25120,24168,22679,4584,3689,15986,991,1094,1243,1271,1212,1241,1243,1289,1126,1001,1025,887,771,579,482,237,157,137,16141,926,1043,1197,1184,1122,1150,1276,1191,1161,1060,957,973,804,689,573,334,227,274,34.7,33.6,35.7,4173,4012,722,5018,145,13807,4250,Contra Costa County
17,San Ramon,84605,3891,6081,8243,7222,4094,3189,3945,5708,7555,8546,7102,5551,3961,3081,2739,1780,1066,851,64752,61497,58209,11748,9517,41595,1968,3144,4248,3774,2125,1596,1755,2550,3403,4339,3610,2895,1994,1365,1218,805,484,322,43010,1923,2937,3995,3448,1969,1593,2190,3158,4152,4207,3492,2656,1967,1716,1521,975,582,529,39.9,39.4,40.4,28741,2227,222,43270,210,2196,7739,Contra Costa County
18,Walnut Creek,70127,3285,3310,3218,3148,2491,3872,4811,4783,4162,4000,3991,4350,4320,4370,4641,4100,3100,4175,59622,58238,56694,23004,20386,32415,1735,1644,1666,1671,1229,1845,2310,2444,2027,1920,1904,2116,1942,1846,1901,1587,1202,1426,37712,1550,1666,1552,1477,1262,2027,2501,2339,2135,2080,2087,2234,2378,2524,2740,2513,1898,2749,47.5,44.1,50.6,46478,1564,214,11684,111,2463,7613,Contra Costa County
0,Belvedere,2126,63,101,165,170,62,39,39,59,101,164,163,154,132,156,177,150,121,110,1753,1669,1605,792,714,979,38,46,73,87,24,17,20,17,49,64,75,80,59,66,75,84,58,47,1147,25,55,92,83,38,22,19,42,52,100,88,74,73,90,102,66,63,63,52.9,52.6,53.2,1858,20,7,71,0,22,148,Marin County
1,Corte Madera,10222,536,700,841,752,360,294,418,577,738,811,871,835,631,571,494,352,221,220,7979,7639,7318,2196,1858,4886,264,364,429,409,181,137,197,275,337,364,408,393,314,240,223,164,104,83,5336,272,336,412,343,179,157,221,302,401,447,463,442,317,331,271,188,117,137,44.3,42.8,45.6,7635,77,69,834,14,381,1212,Marin County
2,Fairfax,7605,273,348,484,453,255,293,325,418,457,571,706,650,612,643,556,286,153,122,6405,6200,5998,2137,1760,3674,157,164,236,250,133,145,168,194,204,268,339,298,282,301,266,145,69,55,3931,116,184,248,203,122,148,157,224,253,303,367,352,330,342,290,141,84,67,49.5,48.7,50.1,5998,94,56,233,20,349,855,Marin County
3,Larkspur,13064,506,610,781,724,478,438,650,731,812,964,1018,1064,920,852,834,664,430,588,10985,10680,10360,3918,3368,6037,256,308,392,372,231,231,291,318,373,449,476,488,455,344,360,290,175,228,7027,250,302,389,352,247,207,359,413,439,515,542,576,465,508,474,374,255,360,49.2,47.8,50.3,9848,193,78,820,15,686,1424,Marin County
4,Mill Valley,14231,577,842,1087,1006,460,323,509,640,866,1180,1258,1120,1007,915,834,676,405,526,11496,11029,10581,3950,3356,6650,294,431,547,515,215,162,233,270,381,548,573,573,461,413,388,274,164,208,7581,283,411,540,491,245,161,276,370,485,632,685,547,546,502,446,402,241,318,48.7,47.8,49.3,11621,137,31,860,13,258,1311,Marin County
5,Novato,53225,2490,2916,3379,3347,2504,2347,2711,3346,3389,3440,3838,3930,3821,3604,3302,2281,1324,1256,43771,42293,40533,13998,11767,25582,1262,1508,1727,1744,1252,1273,1369,1627,1579,1649,1836,1863,1793,1595,1394,1021,578,512,27643,1228,1408,1652,1603,1252,1074,1342,1719,1810,1791,2002,2067,2028,2009,1908,1260,746,744,45.3,43.1,47.2,32509,1435,961,3966,108,7099,7147,Marin County
6,Ross,2338,118,179,244,176,101,35,44,103,137,215,180,160,126,140,118,116,72,74,1740,1667,1598,593,520,1133,60,102,122,80,48,22,17,50,61,104,80,80,70,62,51,57,31,36,1205,58,77,122,96,53,13,27,53,76,111,100,80,56,78,67,59,41,38,45.8,45.3,46,2082,2,1,41,0,30,182,Marin County
7,San Anselmo,12830,570,816,912,891,430,373,452,711,818,1043,1161,1017,979,918,796,478,261,204,10339,9951,9541,3244,2657,6071,289,406,456,449,207,179,207,310,386,481,552,490,447,427,374,219,116,76,6759,281,410,456,442,223,194,245,401,432,562,609,527,532,491,422,259,145,128,47.2,46.6,47.8,10392,100,45,450,12,387,1444,Marin County
8,San Rafael,61271,3269,3482,3612,3791,3381,3434,3995,4430,4274,4040,4086,3804,3597,3435,3056,2207,1517,1861,50175,48707,46271,14132,12076,30421,1714,1789,1863,1991,1726,1783,2125,2286,2158,2007,2080,1872,1734,1613,1416,974,643,647,30850,1555,1693,1749,1800,1655,1651,1870,2144,2116,2033,2006,1932,1863,1822,1640,1233,874,1214,41.3,39.9,43,33427,1065,2246,4073,156,12721,7583,Marin County
9,Sausalito,7269,256,150,177,170,152,278,583,537,481,522,622,649,677,582,566,441,255,171,6639,6581,6492,2427,2015,3435,124,66,90,63,84,129,276,283,216,237,277,333,333,240,243,231,130,80,3834,132,84,87,107,68,149,307,254,265,285,345,316,344,342,323,210,125,91,52.5,52.4,52.5,6066,51,18,418,8,100,608,Marin County
10,Tiburon,9146,366,551,733,587,314,199,285,404,543,738,731,667,623,622,637,495,342,309,7344,7084,6840,2773,2405,4338,186,256,377,306,173,84,139,168,253,351,346,305,294,288,292,228,170,122,4808,180,295,356,281,141,115,146,236,290,387,385,362,329,334,345,267,172,187,49.2,48.4,49.7,7261,91,19,687,13,193,882,Marin County
0,American Canyon,21837,990,1349,1782,1865,1542,1343,1203,1289,1526,1656,1556,1518,1303,1088,783,464,305,275,17307,16561,15577,3638,2915,10641,475,681,925,945,830,678,574,626,720,780,753,744,622,468,391,209,124,96,11196,515,668,857,920,712,665,629,663,806,876,803,774,681,620,392,255,181,179,38.3,36.6,39.7,5313,1480,227,7774,157,3734,3152,Napa County
1,Calistoga,5228,248,305,330,303,268,297,291,281,306,310,351,330,353,381,321,259,146,148,4257,4121,3987,1476,1255,2501,121,163,162,176,140,146,148,142,134,157,163,143,183,171,131,119,54,48,2727,127,142,168,127,128,151,143,139,172,153,188,187,170,210,190,140,92,100,44.8,42.3,47.2,2550,26,84,88,3,1420,1057,Napa County
2,Napa,79246,3856,4348,4968,4974,4211,5118,5469,5656,5096,5107,5282,5392,5103,4536,3899,2588,1718,1925,65027,62955,60277,17707,14666,38759,1962,2216,2535,2565,2229,2608,2814,2840,2475,2529,2539,2648,2432,2123,1765,1124,709,646,40487,1894,2132,2433,2409,1982,2510,2655,2816,2621,2578,2743,2744,2671,2413,2134,1464,1009,1279,40.9,39.2,42.6,46173,634,1260,2082,143,16190,12764,Napa County
3,St. Helena,5430,185,307,342,336,231,241,264,274,320,355,359,363,397,406,358,302,193,197,4527,4389,4204,1680,1456,2538,108,148,167,172,118,119,130,132,138,173,173,162,175,173,159,134,81,76,2892,77,159,175,164,113,122,134,142,182,182,186,201,222,233,199,168,112,121,48,46.2,49.9,3498,14,61,94,6,1031,726,Napa County
4,Yountville,3436,51,54,41,53,45,73,98,60,89,79,89,159,250,277,382,409,445,782,3282,3249,3225,2467,2295,1822,26,28,23,29,20,35,58,25,48,34,38,63,126,151,251,219,259,389,1614,25,26,18,24,25,38,40,35,41,45,51,96,124,126,131,190,186,393,74,74.2,73.3,2912,64,32,73,3,126,226,Napa County
0,San Francisco,873965,34890,30486,30152,30788,54485,98991,103419,79086,59410,55316,54621,51981,48241,44080,37105,22971,17292,20651,772514,760738,739967,170412,142099,446144,17726,15530,15309,15391,26513,50311,54392,42373,31527,29547,29587,27927,24874,21986,17629,10445,7373,7704,427821,17164,14956,14843,15397,27972,48680,49027,36713,27883,25769,25034,24054,23367,22094,19476,12526,9919,12947,38.2,38.1,38.3,361382,46725,6475,296505,3476,73169,86233,San Francisco County
0,Atherton,7188,192,312,493,804,620,254,201,205,259,404,554,539,504,465,453,370,233,326,6070,5825,5172,2146,1847,3498,93,181,271,395,333,125,113,79,130,180,269,258,244,217,214,181,107,108,3690,99,131,222,409,287,129,88,126,129,224,285,281,260,248,239,189,126,218,48.4,45.7,50,4844,100,14,1411,45,150,624,San Mateo County
1,Belmont,28335,1504,1797,1801,1651,1307,1755,2052,2155,2252,2147,1966,1811,1566,1282,1121,843,608,717,22868,22198,21289,5469,4571,13908,776,898,892,814,644,920,1012,1077,1081,1078,966,911,769,624,524,400,268,254,14427,728,899,909,837,663,835,1040,1078,1171,1069,1000,900,797,658,597,443,340,463,40.3,39.6,40.9,14248,370,102,8398,148,1527,3542,San Mateo County
2,Brisbane,4851,270,269,241,199,194,236,372,432,382,361,380,363,361,299,227,122,73,70,4026,3948,3838,984,791,2416,130,144,113,93,104,124,186,228,186,167,183,184,167,154,123,64,30,36,2435,140,125,128,106,90,112,186,204,196,194,197,179,194,145,104,58,43,34,42.5,41.9,43,2114,89,30,1539,24,365,690,San Mateo County
3,Burlingame,31386,1666,2133,2125,1717,1135,1803,2410,2421,2585,2463,2179,2011,1659,1549,1189,856,706,779,25071,24302,23549,6081,5079,15147,850,1046,1106,873,605,860,1214,1153,1239,1212,1064,984,786,687,509,376,298,285,16239,816,1087,1019,844,530,943,1196,1268,1346,1251,1115,1027,873,862,680,480,408,494,40.5,39.5,41.5,16647,298,120,8649,113,1901,3658,San Mateo County
4,Colma,1507,76,80,85,87,90,107,110,80,81,79,107,118,126,90,74,39,37,41,1247,1205,1168,356,281,767,41,47,45,45,51,53,58,41,34,42,50,65,64,50,34,17,20,10,740,35,33,40,42,39,54,52,39,47,37,57,53,62,40,40,22,17,31,41.8,40.4,43.5,347,60,21,460,6,368,245,San Mateo County
5,Daly City,104901,4821,4779,5099,5561,7261,8929,8607,7564,6996,6539,6644,7096,6909,5798,4856,2871,2234,2337,89111,86902,83380,22095,18096,51877,2478,2451,2639,2873,3804,4661,4560,3967,3549,3278,3244,3436,3204,2696,2175,1182,883,797,53024,2343,2328,2460,2688,3457,4268,4047,3597,3447,3261,3400,3660,3705,3102,2681,1689,1351,1540,39.9,38,41.7,15009,2531,980,60281,764,15925,9411,San Mateo County
6,East Palo Alto,30034,1826,2108,2345,2309,2522,2812,2613,2350,2138,1910,1712,1557,1293,909,663,408,280,279,23323,22401,20992,3267,2539,15182,924,1096,1182,1213,1308,1430,1377,1205,1093,967,836,791,624,442,291,177,106,120,14852,902,1012,1163,1096,1214,1382,1236,1145,1045,943,876,766,669,467,372,231,174,159,31.9,31.4,32.5,3574,3287,682,1596,2084,14415,4396,San Mateo County
7,Foster City,33805,1915,2223,1948,1739,1237,2179,2973,2973,2681,2446,2052,1906,1669,1556,1572,1178,818,740,27302,26565,25760,6867,5864,16610,1001,1163,1007,906,652,1083,1524,1497,1333,1184,991,927,779,686,670,527,366,314,17195,914,1060,941,833,585,1096,1449,1476,1348,1262,1061,979,890,870,902,651,452,426,39.5,38.1,40.8,11166,514,76,18074,196,973,2806,San Mateo County
8,Half Moon Bay,11795,534,594,655,662,556,501,596,719,694,761,818,904,977,853,815,597,307,252,9876,9582,9243,3363,2824,5613,275,301,308,326,288,263,298,344,340,379,402,421,457,391,349,249,121,101,6182,259,293,347,336,268,238,298,375,354,382,416,483,520,462,466,348,186,151,47.6,45.7,49.3,7371,81,92,726,16,1662,1847,San Mateo County
9,Hillsborough,11387,394,762,992,935,552,373,284,372,595,856,937,949,758,729,644,525,356,374,9026,8607,8181,3040,2628,5604,197,417,511,479,262,194,129,159,273,393,450,488,376,345,317,259,181,174,5783,197,345,481,456,290,179,155,213,322,463,487,461,382,384,327,266,175,200,47.7,47.3,48,6304,43,4,3946,29,143,918,San Mateo County
10,Menlo Park,33780,1889,2239,2396,1934,1751,2431,2649,2504,2315,2389,2190,2074,1793,1479,1325,945,708,769,26792,25956,25038,6225,5226,16498,967,1190,1206,937,955,1262,1333,1225,1096,1163,1038,996,853,667,574,443,292,301,17282,922,1049,1190,997,796,1169,1316,1279,1219,1226,1152,1078,940,812,751,502,416,468,38.2,36.5,39.7,19344,1063,232,5822,367,3159,3793,San Mateo County
11,Millbrae,23216,1113,1230,1367,1313,1128,1375,1558,1536,1512,1624,1553,1725,1542,1276,1102,752,620,890,19238,18680,17999,5526,4640,11330,579,659,701,653,629,729,792,760,711,791,741,825,737,618,498,344,242,321,11886,534,571,666,660,499,646,766,776,801,833,812,900,805,658,604,408,378,569,43.3,41,45.2,7340,172,87,12238,230,1070,2079,San Mateo County
12,Pacifica,38640,1965,2046,2103,1986,1823,2194,2772,2926,2747,2580,2786,2821,2813,2514,1970,1136,775,683,32122,31293,30178,8797,7078,19024,1001,1058,1114,1031,928,1148,1424,1460,1379,1272,1346,1349,1323,1188,931,491,323,258,19616,964,988,989,955,895,1046,1348,1466,1368,1308,1440,1472,1490,1326,1039,645,452,425,42.7,41,44.2,20488,738,307,8385,286,2425,6011,San Mateo County
13,Portola Valley,4456,141,226,277,304,192,105,103,144,181,250,340,386,361,320,281,271,224,350,3752,3605,3469,1664,1446,2162,72,124,154,169,105,62,45,63,77,122,141,196,180,160,144,113,102,133,2294,69,102,123,135,87,43,58,81,104,128,199,190,181,160,137,158,122,217,54.5,53.2,55.5,3585,11,4,347,0,57,452,San Mateo County
14,Redwood City,84292,4780,4709,4797,4599,4888,7002,8118,7204,6066,5828,5619,5328,4387,3583,2769,1950,1244,1421,69044,67115,64594,13467,10967,42246,2451,2480,2509,2436,2623,3616,4274,3764,2998,2946,2663,2585,2154,1678,1210,843,526,490,42046,2329,2229,2288,2163,2265,3386,3844,3440,3068,2882,2956,2743,2233,1905,1559,1107,718,931,37.1,35.8,38.5,37487,1531,1330,13693,669,17742,11840,San Mateo County
15,San Bruno,43908,2195,2239,2259,2232,2415,3580,3810,3500,3124,2777,2835,3099,2813,2355,1820,1167,824,864,36753,35843,34529,8663,7030,21779,1146,1127,1179,1159,1261,1842,1948,1791,1609,1357,1420,1487,1380,1075,817,517,345,319,22129,1049,1112,1080,1073,1154,1738,1862,1709,1515,1420,1415,1612,1433,1280,1003,650,479,545,39.6,38.3,40.8,14822,771,458,14148,1156,6479,6074,San Mateo County
16,San Carlos,30722,1766,2072,2133,1781,1156,1267,1717,2356,2453,2384,2483,2170,1880,1542,1333,883,650,696,24311,23523,22741,6154,5104,14909,883,1061,1050,905,592,634,843,1151,1167,1189,1203,1053,900,746,597,381,284,270,15813,883,1011,1083,876,564,633,874,1205,1286,1195,1280,1117,980,796,736,502,366,426,42.3,41.4,43,19476,268,99,5876,82,1090,3831,San Mateo County
17,San Mateo,105661,6217,5591,5611,5482,5458,8491,9841,8975,7573,6943,6700,6589,5766,4850,3978,2974,1988,2634,87076,84759,81827,19784,16424,52206,3244,2878,2901,2856,2927,4308,5139,4562,3742,3454,3306,3179,2772,2262,1788,1194,775,919,53455,2973,2713,2710,2626,2531,4183,4702,4413,3831,3489,3394,3410,2994,2588,2190,1780,1213,1715,38.3,36.9,39.8,43826,1815,866,28047,1700,16065,13342,San Mateo County
18,South San Francisco,66105,3398,3431,3495,3384,3830,4932,5283,5093,4673,4123,4266,4430,4467,3666,2909,1856,1347,1522,55147,53787,51660,13939,11300,32669,1755,1739,1813,1734,2006,2605,2739,2580,2402,2073,2007,2155,2130,1742,1324,771,558,536,33436,1643,1692,1682,1650,1824,2327,2544,2513,2271,2050,2259,2275,2337,1924,1585,1085,789,986,40.2,38.8,41.7,14584,1311,732,27369,1058,12215,8836,San Mateo County
0,Campbell,43959,2324,2449,2538,2220,2099,3280,3785,3816,3201,3014,3153,2935,2738,2036,1464,1057,816,1034,36167,35193,34000,7981,6407,21561,1198,1261,1298,1165,1059,1624,1893,1923,1631,1444,1584,1438,1354,937,659,453,319,321,22398,1126,1188,1240,1055,1040,1656,1892,1893,1570,1570,1569,1497,1384,1099,805,604,497,713,39.3,38.3,40.3,22440,1078,335,10626,147,3714,5619,Santa Clara County
1,Cupertino,60381,2381,3999,4888,4764,3065,2654,2826,4135,5113,5363,4733,4045,3201,2685,2096,1593,1305,1535,48047,45928,43662,11026,9214,30048,1234,2049,2448,2455,1694,1483,1374,1880,2435,2652,2434,2126,1634,1297,987,675,561,630,30333,1147,1950,2440,2309,1371,1171,1452,2255,2678,2711,2299,1919,1567,1388,1109,918,744,905,41.4,40.8,41.9,13449,387,108,42411,22,885,3119,Santa Clara County
3,Gilroy,59520,3711,4368,4944,4674,4011,3418,3627,4177,4314,4115,3980,3701,3178,2421,1981,1246,798,856,45549,43622,40927,9093,7302,29492,1911,2253,2471,2436,2170,1740,1725,2024,2121,2056,1991,1810,1554,1077,911,578,352,312,30028,1800,2115,2473,2238,1841,1678,1902,2153,2193,2059,1989,1891,1624,1344,1070,668,446,544,36.2,35.1,37.4,20836,1352,1557,6313,210,17644,11608,Santa Clara County
4,Los Altos,31625,1146,1991,2674,2488,1316,912,1029,1428,2016,2688,2552,2389,2223,1763,1503,1368,952,1187,25197,24051,23070,8063,6773,15409,589,1008,1351,1322,678,481,493,670,948,1258,1271,1174,1104,847,686,631,452,446,16216,557,983,1323,1166,638,431,536,758,1068,1430,1281,1215,1119,916,817,737,500,741,46.5,45.6,47.3,16958,188,43,11176,44,458,2758,Santa Clara County
5,Los Altos Hills,8489,194,395,609,624,481,318,206,259,382,534,704,758,679,589,572,523,369,293,7151,6860,6555,2745,2346,4158,107,208,314,290,252,167,103,120,156,244,342,385,335,287,278,245,176,149,4331,87,187,295,334,229,151,103,139,226,290,362,373,344,302,294,278,193,144,51.7,51.6,51.8,4817,22,10,2863,23,103,651,Santa Clara County
6,Los Gatos,33529,1270,1959,2598,2566,1406,1165,1329,1764,2375,2632,2872,2716,2237,1678,1461,1237,1030,1234,27127,25977,24850,7868,6640,16177,634,996,1363,1350,741,604,626,801,1087,1232,1405,1358,1100,836,641,518,423,462,17352,636,963,1235,1216,665,561,703,963,1288,1400,1467,1358,1137,842,820,719,607,772,45.6,44.5,46.7,22569,315,102,6153,27,887,3476,Santa Clara County
7,Milpitas,80273,5036,4983,4424,4047,4319,7036,7944,7701,5942,5066,4768,4792,4408,3481,2543,1633,1117,1033,65047,63371,60933,12321,9807,41159,2598,2592,2239,2104,2338,3851,4129,4142,3158,2615,2311,2433,2218,1611,1209,749,445,417,39114,2438,2391,2185,1943,1981,3185,3815,3559,2784,2451,2457,2359,2190,1870,1334,884,672,616,36.4,35.8,37.1,9085,1691,503,57537,336,6053,5068,Santa Clara County
8,Monte Sereno,3479,101,167,262,258,197,102,81,85,170,245,348,336,280,236,203,168,121,119,2897,2777,2642,995,847,1722,51,87,133,139,93,57,33,31,77,115,162,179,150,109,110,77,62,57,1757,50,80,129,119,104,45,48,54,93,130,186,157,130,127,93,91,59,62,51.2,51.6,50.7,2354,26,9,682,3,44,361,Santa Clara County
9,Morgan Hill,45483,2615,3074,3293,3208,2494,2245,2716,3129,3076,3235,3286,3375,2893,2230,1806,1273,772,763,35827,34469,32741,8484,6844,22207,1347,1546,1652,1640,1304,1128,1325,1499,1437,1577,1594,1685,1460,1018,826,563,336,270,23276,1268,1528,1641,1568,1190,1117,1391,1630,1639,1658,1692,1690,1433,1212,980,710,436,493,39.9,39,40.9,22588,994,653,6728,188,7292,7040,Santa Clara County
10,Mountain View,82376,4818,4541,4119,3578,4333,9190,10011,8017,6033,5215,4758,4246,3778,2983,2346,1670,1241,1499,68092,66517,64753,11949,9739,42720,2458,2345,2089,1848,2544,5224,5432,4245,3184,2609,2454,2126,1904,1416,1038,716,521,567,39656,2360,2196,2030,1730,1789,3966,4579,3772,2849,2606,2304,2120,1874,1567,1308,954,720,932,35.3,34.4,36.3,34895,1227,667,28891,229,7086,9381,Santa Clara County
11,Palo Alto,68572,2885,3934,4882,4667,3433,4250,4119,4242,4390,5031,5016,4561,3692,3220,2983,2509,1960,2798,55783,53607,51649,15563,13470,33717,1448,2067,2538,2430,1825,2281,2093,2103,2084,2326,2486,2323,1821,1574,1355,1072,853,1038,34855,1437,1867,2344,2237,1608,1969,2026,2139,2306,2705,2530,2238,1871,1646,1628,1437,1107,1760,42.2,40.2,43.9,34191,1225,141,24317,157,2060,6481,Santa Clara County
12,San Jose,1013240,53351,57849,63892,65504,65454,78464,80670,78054,70939,71513,69190,66261,57482,44002,34245,23889,16259,16222,825339,799477,760094,167741,134617,509260,27521,29681,32867,33886,33951,41327,42017,39794,35338,35489,34778,33653,28501,20769,15800,10606,7020,6262,503980,25830,28168,31025,31618,31503,37137,38653,38260,35601,36024,34412,32608,28981,23233,18445,13283,9239,9960,37.6,36.6,38.6,276523,29308,14665,390532,4082,184363,113767,Santa Clara County
13,Santa Clara,127647,7905,6922,6129,7392,8287,13591,14802,12026,8705,7671,7065,6833,5945,4551,3436,2430,1880,2077,105532,103169,97459,17750,14374,65441,4091,3562,3126,3743,4518,7251,7834,6538,4558,3944,3591,3488,2907,2141,1553,1042,786,768,62206,3814,3360,3003,3649,3769,6340,6968,5488,4147,3727,3474,3345,3038,2410,1883,1388,1094,1309,34.5,34,35.2,39504,2839,993,60002,450,11390,12469,Santa Clara County
14,Saratoga,31051,794,1475,2240,2437,1604,1042,762,1075,1712,2427,2762,2830,2535,1911,1658,1379,1186,1222,25988,24875,23777,8871,7356,15282,391,762,1163,1265,863,582,401,483,761,1123,1330,1438,1269,930,834,616,523,548,15769,403,713,1077,1172,741,460,361,592,951,1304,1432,1392,1266,981,824,763,663,674,49.9,49.5,50.4,11771,104,38,16857,48,334,1899,Santa Clara County
15,Sunnyvale,155805,9722,8996,8104,6925,8173,17517,18043,14409,10900,9531,8816,8455,7577,5533,4448,3324,2511,2821,127478,124530,120845,23079,18637,80520,5032,4634,4192,3684,4609,9694,9700,7792,5725,4831,4394,4193,3744,2660,2019,1466,1087,1064,75285,4690,4362,3912,3241,3564,7823,8343,6617,5175,4700,4422,4262,3833,2873,2429,1858,1424,1757,35.1,34.3,36.1,46551,2228,1081,77842,491,14181,13431,Santa Clara County
0,Benicia,27131,1183,1454,1647,1704,1289,1185,1436,1734,1666,1675,1903,2103,2280,2094,1731,985,568,494,22490,21771,20823,7250,5872,12881,599,731,848,886,689,568,671,810,812,742,857,987,1049,962,810,415,259,186,14250,584,723,799,818,600,617,765,924,854,933,1046,1116,1231,1132,921,570,309,308,45.8,43.9,47.5,17122,1378,168,3260,113,1048,4042,Solano County
1,Dixon,18988,1136,1288,1379,1373,1191,1232,1340,1373,1193,1127,1199,1284,1219,934,709,426,302,283,14906,14307,13591,3373,2654,9353,599,647,724,705,620,631,659,687,598,538,582,610,584,435,316,185,130,103,9635,537,641,655,668,571,601,681,686,595,589,617,674,635,499,393,241,172,180,37,35.5,38.4,9776,590,307,685,94,4384,3152,Solano County
2,Fairfield,119881,7453,8061,8585,8231,8260,8526,8666,8583,7592,7399,7224,7742,7115,5652,4186,2738,1857,2011,94131,90819,85922,20530,16444,59009,3847,4111,4415,4259,4359,4388,4286,4283,3650,3552,3524,3725,3353,2605,1933,1202,776,741,60872,3606,3950,4170,3972,3901,4138,4380,4300,3942,3847,3700,4017,3762,3047,2253,1536,1081,1270,36.1,34.8,37.6,38910,17866,1568,22447,1301,19549,18240,Solano County
3,Rio Vista,10005,359,272,339,352,321,388,417,365,312,294,420,657,992,1221,1470,955,484,387,8967,8820,8617,5149,4517,4756,183,145,168,188,168,194,217,184,146,157,203,283,458,523,670,443,245,181,5249,176,127,171,164,153,194,200,181,166,137,217,374,534,698,800,512,239,206,62.8,61.8,63.5,6766,824,93,622,41,584,1075,Solano County
4,Suisun City,29518,1729,1889,2079,1949,1952,2173,2215,2160,1925,1665,1797,2057,1915,1529,1156,596,365,367,23418,22642,21492,5150,4013,14368,882,975,1056,992,987,1103,1096,1066,923,803,843,976,846,725,524,267,161,143,15150,847,914,1023,957,965,1070,1119,1094,1002,862,954,1081,1069,804,632,329,204,224,36.7,35.5,38,8410,5604,501,5837,379,3954,4833,Solano County
5,Vacaville,102386,5625,6044,6462,6350,6338,7282,7779,7678,6648,6321,6443,7177,6565,5347,4271,2567,1681,1808,82915,80306,76765,19553,15674,53104,2834,3042,3372,3268,3625,4099,4230,4095,3576,3322,3386,3718,3352,2616,2074,1164,686,645,49282,2791,3002,3090,3082,2713,3183,3549,3583,3072,2999,3057,3459,3213,2731,2197,1403,995,1163,38.4,37.5,39.5,52997,9796,1082,9196,789,12180,16346,Solano County
6,Vallejo,126090,6723,7140,7475,7659,7994,8613,9157,8657,7799,7551,8152,8630,8834,7814,6084,3633,2165,2010,103267,100257,95464,26869,21706,61429,3397,3553,3860,3993,4153,4339,4539,4324,3828,3599,3996,4083,4119,3640,2787,1650,872,697,64661,3326,3587,3615,3666,3841,4274,4618,4333,3971,3952,4156,4547,4715,4174,3297,1983,1293,1313,39.8,38.2,41.2,30451,25133,1426,29723,1343,22107,15907,Solano County
0,Cloverdale,8996,465,532,593,513,489,524,592,611,563,487,542,585,619,583,525,333,232,208,7291,7080,6780,2264,1881,4451,233,301,296,263,268,277,306,303,288,233,257,283,289,273,235,147,105,94,4545,232,231,297,250,221,247,286,308,275,254,285,302,330,310,290,186,127,114,41.8,39.7,43.5,5230,69,287,100,17,1839,1454,Sonoma County
1,Cotati,7584,366,440,428,421,502,517,573,605,495,460,500,519,558,480,325,200,102,93,6260,6102,5846,1527,1200,3611,189,229,213,195,238,274,286,309,246,218,232,226,258,216,139,72,44,27,3973,177,211,215,226,264,243,287,296,249,242,268,293,300,264,186,128,58,66,39.5,37.8,40.9,5164,106,94,301,20,732,1167,Sonoma County
2,Healdsburg,11340,521,552,681,650,562,591,654,692,710,628,739,852,854,855,793,493,239,274,9443,9184,8797,3181,2654,5517,269,278,345,339,304,317,327,346,335,294,362,386,388,380,383,246,99,119,5823,252,274,336,311,258,274,327,346,375,334,377,466,466,475,410,247,140,155,45.4,43.5,47.3,7194,65,227,169,12,2074,1599,Sonoma County
3,Petaluma,59776,2805,3365,3746,3650,2878,3093,3595,4090,3952,3850,4091,4450,4260,3952,3267,2146,1239,1347,49108,47559,45623,14423,11951,28796,1343,1676,1955,1926,1498,1561,1772,2011,1917,1853,2015,2096,1999,1829,1484,931,484,446,30980,1462,1689,1791,1724,1380,1532,1823,2079,2035,1997,2076,2354,2261,2123,1783,1215,755,901,43.4,41.7,44.9,40717,836,747,2857,165,6509,7945,Sonoma County
4,Rohnert Park,44390,2358,2425,2448,2612,4302,3626,3552,3197,2706,2390,2690,2880,2679,2376,1826,1016,625,682,36619,35628,33762,8149,6525,21531,1131,1244,1243,1327,2072,1852,1808,1578,1413,1198,1326,1306,1231,1075,816,415,263,233,22859,1227,1181,1205,1285,2230,1774,1744,1619,1293,1192,1364,1574,1448,1301,1010,601,362,449,36.3,35.3,37.4,26296,977,712,2833,175,6903,6494,Sonoma County
5,Santa Rosa,178127,9015,10300,11502,10975,10412,11801,12499,12819,11641,10674,10892,11027,11172,10397,9073,5834,3687,4407,145007,140541,134250,39965,33398,86767,4662,5261,5848,5663,5321,6013,6395,6402,5753,5266,5468,5244,5210,4678,4031,2554,1440,1558,91360,4353,5039,5654,5312,5091,5788,6104,6417,5888,5408,5424,5783,5962,5719,5042,3280,2247,2849,39.9,38.2,41.5,99224,4062,4039,10938,1033,34098,24733,Sonoma County
6,Sebastopol,7521,244,329,461,424,291,314,359,425,458,453,498,505,576,740,685,360,185,214,6413,6204,5990,2536,2184,3370,129,184,211,215,151,153,164,197,222,187,227,207,253,308,292,144,64,62,4151,115,145,250,209,140,161,195,228,236,266,271,298,323,432,393,216,121,152,50,46.8,51.9,5865,64,84,185,15,427,881,Sonoma County
7,Sonoma,10739,368,449,524,550,422,429,474,535,546,588,691,796,872,876,903,761,426,529,9292,9051,8751,4003,3495,4853,192,236,270,267,216,222,219,241,262,283,318,372,390,384,351,302,179,149,5886,176,213,254,283,206,207,255,294,284,305,373,424,482,492,552,459,247,380,53.4,50.2,56,8023,77,98,328,24,931,1258,Sonoma County
8,Windsor,26344,1239,1583,1843,1957,1428,1373,1373,1618,1672,1746,1861,2023,1946,1556,1210,793,518,605,21308,20473,19397,5821,4682,12877,650,811,977,1020,735,725,660,780,806,829,912,996,923,758,531,336,216,212,13467,589,772,866,937,693,648,713,838,866,917,949,1027,1023,798,679,457,302,393,42.2,40.5,43.8,16281,243,633,781,60,4702,3644,Sonoma County